{
    "author": ["The Lorax"],
    "description": "A detailed description of the Course Manager cog.",
    "install_msg": "Thank you for installing the Course Manager cog!",
    "short": "A short description of the Course Manager cog.",
    "end_user_data_statement": "The Course Manager cog stores course data in an SQLite database.",
    "min_bot_version": "3.0.0",
    "min_python_version": [3, 8, 0],
    "required_cogs": {},
    "requirements": ["aiohttp", "beautifulsoup4", "lxml"],
    "tags": ["courses", "education", "management"],
    "type": "COG"
}